epoch,val_loss,train_loss,val_accuracy,precision,recall,f1
1.0,0.651472270488739,0.7324,0.818105616093881,,,
2.0,0.671210527420044,0.5102,0.8080469404861693,,,
3.0,0.7132620811462402,0.4038,0.7971500419111484,,,
4.0,0.7378286123275757,0.3517,0.8021793797150042,,,
5.0,0.7679179310798645,0.3309,0.7988264878457669,,,
6.0,0.7845637202262878,0.3232,0.7963118189438391,,,
7.0,0.7807472944259644,0.3158,0.8038558256496228,,,
8.0,0.7689812183380127,0.3105,0.8046940486169321,,,
9.0,0.7437714338302612,0.3108,0.8063704945515507,,,
10.0,0.7646423578262329,0.3091,0.8088851634534786,,,
11.0,0.7608727216720581,0.3092,0.8055322715842415,,,
12.0,0.7773439288139343,0.3091,0.80720871751886,,,
13.0,0.8134832978248596,0.3094,0.7904442581726739,,,
14.0,0.7715222239494324,0.3105,0.8139145012573344,,,
15.0,0.7684561014175415,0.3085,0.8113998323554066,,,
16.0,0.7709025740623474,0.3088,0.8105616093880972,,,
17.0,0.850959300994873,0.3057,0.779547359597653,,,
18.0,0.7972283363342285,0.3032,0.7979882648784576,,,
19.0,0.8058241605758667,0.3071,0.787929589270746,,,
20.0,0.8151167035102844,0.307,0.7979882648784576,,,
21.0,0.8589407205581665,0.3034,0.7745180217937971,,,
22.0,0.8255757689476013,0.3044,0.7946353730092205,,,
23.0,0.7963644862174988,0.3028,0.8113998323554066,,,
24.0,0.7953492403030396,0.3021,0.8080469404861693,,,
25.0,0.7836827635765076,0.304,0.8046940486169321,,,
26.0,0.8078925609588623,0.3023,0.8013411567476949,,,
27.0,0.7806079387664795,0.3013,0.8063704945515507,,,
28.0,0.8224367499351501,0.3034,0.7887678122380554,,,
29.0,0.8110586404800415,0.3022,0.8013411567476949,,,
30.0,0.8031700849533081,0.2986,0.8063704945515507,,,
31.0,0.8073394298553467,0.2986,0.7996647108130763,,,
32.0,0.7694885730743408,0.3015,0.8113998323554066,,,
33.0,0.7709542512893677,0.3024,0.8113998323554066,,,
34.0,0.7622993588447571,0.3024,0.8122380553227159,,,
35.0,0.7912538051605225,0.3019,0.8038558256496228,,,
36.0,0.7949551343917847,0.2996,0.8088851634534786,,,
37.0,0.793483555316925,0.302,0.8055322715842415,,,
38.0,0.7927298545837402,0.3,0.7954735959765298,,,
39.0,0.811199426651001,0.2998,0.7937971500419112,,,
40.0,0.8147896528244019,0.2982,0.7896060352053647,,,
41.0,0.8239688873291016,0.2976,0.7946353730092205,,,
42.0,0.793001115322113,0.2982,0.8013411567476949,,,
43.0,0.8271656036376953,0.3002,0.7929589270746018,,,
44.0,0.8060455322265625,0.2988,0.7937971500419112,,,
45.0,0.7950743436813354,0.2999,0.8005029337803856,,,
46.0,0.8038399815559387,0.2952,0.8030176026823135,,,
47.0,0.7968522906303406,0.2972,0.8021793797150042,,,
48.0,0.7695798277854919,0.2998,0.8164291701592624,,,
49.0,0.7808701395988464,0.2965,0.8113998323554066,,,
50.0,0.7756041884422302,0.2965,0.8139145012573344,,,
51.0,0.8147616386413574,0.2968,0.7904442581726739,,,
52.0,0.8106875419616699,0.2974,0.7979882648784576,,,
53.0,0.8174114227294922,0.2949,0.7971500419111484,,,
54.0,0.8033568859100342,0.2964,0.7971500419111484,,,
55.0,0.8016242384910583,0.2959,0.7971500419111484,,,
56.0,0.8106271028518677,0.2949,0.7887678122380554,,,
57.0,0.8003720641136169,0.2968,0.8080469404861693,,,
58.0,0.8241953253746033,0.2967,0.7896060352053647,,,
59.0,0.810183048248291,0.2968,0.7988264878457669,,,
60.0,0.7911238074302673,0.2964,0.8097233864207879,,,
61.0,0.7969930171966553,0.2936,0.8097233864207879,,,
62.0,0.8030105233192444,0.2938,0.8030176026823135,,,
63.0,0.7772290706634521,0.2945,0.8105616093880972,,,
64.0,0.8047015070915222,0.2953,0.8063704945515507,,,
65.0,0.8112624287605286,0.2946,0.8055322715842415,,,
66.0,0.818902850151062,0.2949,0.7963118189438391,,,
67.0,0.7868329882621765,0.2946,0.8088851634534786,,,
68.0,0.8243991732597351,0.2943,0.7896060352053647,,,
69.0,0.7889667749404907,0.2939,0.8063704945515507,,,
70.0,0.7795363664627075,0.2933,0.80720871751886,,,
71.0,0.7636140584945679,0.2928,0.8172673931265717,,,
72.0,0.7764401435852051,0.2934,0.8130762782900252,,,
73.0,0.7702465057373047,0.2934,0.8122380553227159,,,
74.0,0.7828891277313232,0.2927,0.8122380553227159,,,
75.0,0.773036003112793,0.293,0.8088851634534786,,,
76.0,0.7511011958122253,0.2927,0.8189438390611903,,,
77.0,0.7528623342514038,0.2925,0.8222967309304275,,,
78.0,0.801501989364624,0.2924,0.7988264878457669,,,
79.0,0.7591552734375,0.2931,0.8256496227996647,,,
80.0,0.7599561214447021,0.2931,0.8172673931265717,,,
81.0,0.7546623945236206,0.2926,0.815590947191953,,,
82.0,0.7504691481590271,0.2921,0.8222967309304275,,,
83.0,0.7558910846710205,0.292,0.818105616093881,,,
84.0,0.7574495673179626,0.2926,0.8214585079631181,,,
85.0,0.7515891194343567,0.292,0.8248113998323554,,,
86.0,0.752385139465332,0.2918,0.8231349538977368,,,
87.0,0.761035144329071,0.2918,0.8248113998323554,,,
88.0,0.7546305656433105,0.2919,0.8222967309304275,,,
89.0,0.7597619891166687,0.2918,0.8172673931265717,,,
90.0,0.7649651169776917,0.2917,0.8214585079631181,,,
91.0,0.7679683566093445,0.2917,0.815590947191953,,,
92.0,0.7629093527793884,0.2918,0.8231349538977368,,,
93.0,0.7597892880439758,0.2917,0.8214585079631181,,,
94.0,0.7496305704116821,0.2917,0.8273260687342833,,,
95.0,0.7490217089653015,0.2919,0.8206202849958089,,,
96.0,0.7570084929466248,0.2917,0.8206202849958089,,,
97.0,0.7559747099876404,0.2917,0.8256496227996647,,,
98.0,0.7495934963226318,0.2917,0.8239731768650461,,,
99.0,0.7503473162651062,0.2917,0.8222967309304275,,,
100.0,0.7509724497795105,0.2916,0.8231349538977368,,,
test,0.7839331030845642,,0.8107202680067002,0.7701074275685104,0.7115260006808034,0.7355794840880913
